{"cameraMode":{"drawMode":0,"name":"Shaded","section":"Shading Mode"},"sceneLighting":true,"audioPlay":false,"sceneViewState":{"showFog":false,"showMaterialUpdate":false,"showSkybox":false,"showFlares":false,"showImageEffects":false,"showParticleSystems":false},"in2DMode":false,"pivot":{"x":-0.23860777914524079,"y":1.3519359827041627,"z":-2.8173604011535646},"rotation":{"x":-0.001053590327501297,"y":0.9945088624954224,"z":-0.10512208938598633,"w":-0.018073759973049165},"size":1.9612085819244385,"orthographic":false}