{"cameraMode":{"drawMode":0,"name":"Shaded","section":"Shading Mode"},"sceneLighting":true,"audioPlay":false,"sceneViewState":{"showFog":false,"showMaterialUpdate":false,"showSkybox":false,"showFlares":false,"showImageEffects":false,"showParticleSystems":false},"in2DMode":false,"pivot":{"x":158.59286499023438,"y":-16.730588912963868,"z":-54.92009735107422},"rotation":{"x":0.12018834054470062,"y":0.75033038854599,"z":-0.14252713322639466,"w":0.63453608751297},"size":129.92007446289063,"orthographic":false}