{"cameraMode":{"drawMode":0,"name":"Shaded","section":"Shading Mode"},"sceneLighting":true,"audioPlay":false,"sceneViewState":{"showFog":true,"showMaterialUpdate":false,"showSkybox":true,"showFlares":true,"showImageEffects":true,"showParticleSystems":true},"in2DMode":false,"pivot":{"x":-96.1650619506836,"y":111.79582214355469,"z":-91.83665466308594},"rotation":{"x":-0.022496141493320466,"y":-0.015307372435927391,"z":0.0003990709374193102,"w":-0.9996743202209473},"size":43.71760559082031,"orthographic":false}