{"cameraMode":{"drawMode":0,"name":"Shaded","section":"Shading Mode"},"sceneLighting":true,"audioPlay":false,"sceneViewState":{"showFog":false,"showMaterialUpdate":false,"showSkybox":false,"showFlares":false,"showImageEffects":false,"showParticleSystems":false},"in2DMode":false,"pivot":{"x":0.09013554453849793,"y":0.6996585130691528,"z":2.258772134780884},"rotation":{"x":-0.20742090046405793,"y":0.08314304798841477,"z":-0.017761198803782464,"w":-0.974623441696167},"size":1.5284905433654786,"orthographic":false}