{"cameraMode":{"drawMode":0,"name":"Shaded","section":"Shading Mode"},"sceneLighting":true,"audioPlay":false,"sceneViewState":{"showFog":true,"showMaterialUpdate":false,"showSkybox":true,"showFlares":true,"showImageEffects":true,"showParticleSystems":true},"in2DMode":false,"pivot":{"x":7102.583984375,"y":-274.8167724609375,"z":439.95404052734377},"rotation":{"x":-0.1400725394487381,"y":-0.5375358462333679,"z":0.09134694188833237,"w":-0.8266000747680664},"size":1086.3167724609375,"orthographic":false}