{"cameraMode":{"drawMode":0,"name":"Shaded","section":"Shading Mode"},"sceneLighting":false,"audioPlay":false,"sceneViewState":{"showFog":false,"showMaterialUpdate":false,"showSkybox":false,"showFlares":false,"showImageEffects":false,"showParticleSystems":false},"in2DMode":false,"pivot":{"x":2.4149515628814699,"y":2.694945812225342,"z":-2.7064685821533205},"rotation":{"x":-0.08388378471136093,"y":-0.5962262153625488,"z":0.06283450126647949,"w":-0.7959522604942322},"size":2.226123571395874,"orthographic":false}