{"cameraMode":{"drawMode":0,"name":"Shaded","section":"Shading Mode"},"sceneLighting":true,"audioPlay":false,"sceneViewState":{"showFog":true,"showMaterialUpdate":false,"showSkybox":true,"showFlares":true,"showImageEffects":true,"showParticleSystems":true},"in2DMode":false,"pivot":{"x":297.1201477050781,"y":88.13201141357422,"z":107.31404113769531},"rotation":{"x":-0.12077850848436356,"y":-0.1747453361749649,"z":0.02158953994512558,"w":-0.9769633412361145},"size":206.845458984375,"orthographic":false}