{"cameraMode":{"drawMode":0,"name":"Shaded","section":"Shading Mode"},"sceneLighting":true,"audioPlay":false,"sceneViewState":{"showFog":false,"showMaterialUpdate":false,"showSkybox":false,"showFlares":false,"showImageEffects":false,"showParticleSystems":false},"in2DMode":false,"pivot":{"x":152.89830017089845,"y":-188.1340789794922,"z":163.72525024414063},"rotation":{"x":-0.34671148657798769,"y":0.003554339986294508,"z":-0.0006034306134097278,"w":-0.9381476640701294},"size":263.9581604003906,"orthographic":false}