{"cameraMode":{"drawMode":0,"name":"Shaded","section":"Shading Mode"},"sceneLighting":true,"audioPlay":false,"sceneViewState":{"showFog":true,"showMaterialUpdate":false,"showSkybox":true,"showFlares":true,"showImageEffects":true,"showParticleSystems":true},"in2DMode":false,"pivot":{"x":442.79150390625,"y":50.41307830810547,"z":98.4516372680664},"rotation":{"x":-0.11213267594575882,"y":-0.677017092704773,"z":0.1053989827632904,"w":-0.7197433114051819},"size":277.1514892578125,"orthographic":false}