{"cameraMode":{"drawMode":0,"name":"Shaded","section":"Shading Mode"},"sceneLighting":true,"audioPlay":false,"sceneViewState":{"showFog":false,"showMaterialUpdate":false,"showSkybox":false,"showFlares":false,"showImageEffects":false,"showParticleSystems":false},"in2DMode":false,"pivot":{"x":58.061737060546878,"y":75.2568130493164,"z":294.067626953125},"rotation":{"x":-0.10975119471549988,"y":-0.1346556395292282,"z":0.015010897070169449,"w":-0.9846881628036499},"size":154.34254455566407,"orthographic":false}