{"cameraMode":{"drawMode":0,"name":"Shaded","section":"Shading Mode"},"sceneLighting":true,"audioPlay":false,"sceneViewState":{"showFog":false,"showMaterialUpdate":false,"showSkybox":false,"showFlares":false,"showImageEffects":false,"showParticleSystems":false},"in2DMode":false,"pivot":{"x":527.9732666015625,"y":-178.021728515625,"z":29.583984375},"rotation":{"x":-0.13433830440044404,"y":-0.720588743686676,"z":0.1457032710313797,"w":-0.6644565463066101},"size":410.32275390625,"orthographic":false}