{"cameraMode":{"drawMode":0,"name":"Shaded","section":"Shading Mode"},"sceneLighting":true,"audioPlay":false,"sceneViewState":{"showFog":false,"showMaterialUpdate":false,"showSkybox":false,"showFlares":false,"showImageEffects":false,"showParticleSystems":false},"in2DMode":false,"pivot":{"x":6.521954536437988,"y":110.50424194335938,"z":178.56927490234376},"rotation":{"x":-0.15723229944705964,"y":-0.11615054309368134,"z":0.018630975857377054,"w":-0.9805386066436768},"size":111.71641540527344,"orthographic":false}