{"cameraMode":{"drawMode":0,"name":"Shaded","section":"Shading Mode"},"sceneLighting":true,"audioPlay":false,"sceneViewState":{"showFog":true,"showMaterialUpdate":false,"showSkybox":true,"showFlares":true,"showImageEffects":true,"showParticleSystems":true},"in2DMode":false,"pivot":{"x":76.15797424316406,"y":132.154052734375,"z":154.89691162109376},"rotation":{"x":-0.03497502580285072,"y":-0.36043208837509158,"z":0.013505639508366585,"w":-0.9320590496063232},"size":208.08314514160157,"orthographic":false}