{"cameraMode":{"drawMode":0,"name":"Shaded","section":"Shading Mode"},"sceneLighting":true,"audioPlay":false,"sceneViewState":{"showFog":false,"showMaterialUpdate":false,"showSkybox":false,"showFlares":false,"showImageEffects":false,"showParticleSystems":false},"in2DMode":false,"pivot":{"x":213.81602478027345,"y":31.191375732421876,"z":-43.09807586669922},"rotation":{"x":0.012896308675408364,"y":-0.8525347709655762,"z":-0.02024962194263935,"w":-0.5224843621253967},"size":85.79434204101563,"orthographic":false}