{"cameraMode":{"drawMode":0,"name":"Shaded","section":"Shading Mode"},"sceneLighting":true,"audioPlay":false,"sceneViewState":{"showFog":false,"showMaterialUpdate":false,"showSkybox":false,"showFlares":false,"showImageEffects":false,"showParticleSystems":false},"in2DMode":false,"pivot":{"x":101.80000305175781,"y":105.0999984741211,"z":3.9999990463256838},"rotation":{"x":0.10303356498479843,"y":0.7071155309677124,"z":-0.10535313189029694,"w":0.691586434841156},"size":42.80142593383789,"orthographic":false}