{"cameraMode":{"drawMode":0,"name":"Shaded","section":"Shading Mode"},"sceneLighting":true,"audioPlay":false,"sceneViewState":{"showFog":false,"showMaterialUpdate":false,"showSkybox":false,"showFlares":false,"showImageEffects":false,"showParticleSystems":false},"in2DMode":false,"pivot":{"x":0.04827992618083954,"y":0.2557365596294403,"z":5.911743640899658},"rotation":{"x":-0.056966427713632587,"y":-0.009890514425933361,"z":0.0005642800242640078,"w":-0.9983307123184204},"size":4.826849460601807,"orthographic":false}