{"cameraMode":{"drawMode":0,"name":"Shaded","section":"Shading Mode"},"sceneLighting":true,"audioPlay":false,"sceneViewState":{"showFog":false,"showMaterialUpdate":false,"showSkybox":false,"showFlares":false,"showImageEffects":false,"showParticleSystems":false},"in2DMode":false,"pivot":{"x":-0.588690996170044,"y":0.44309499859809878,"z":1.7736098766326905},"rotation":{"x":-0.2776520550251007,"y":0.1816135048866272,"z":-0.05446017161011696,"w":-0.9420157074928284},"size":1.061208724975586,"orthographic":false}