{"cameraMode":{"drawMode":0,"name":"Shaded","section":"Shading Mode"},"sceneLighting":true,"audioPlay":false,"sceneViewState":{"showFog":false,"showMaterialUpdate":false,"showSkybox":false,"showFlares":false,"showImageEffects":false,"showParticleSystems":false},"in2DMode":false,"pivot":{"x":0.13332808017730714,"y":1.6174342632293702,"z":-0.41076797246932986},"rotation":{"x":0.06978341937065125,"y":-0.9051916599273682,"z":0.1668299287557602,"w":0.3851466476917267},"size":0.35627204179763796,"orthographic":false}