{"cameraMode":{"drawMode":0,"name":"Shaded","section":"Shading Mode"},"sceneLighting":true,"audioPlay":false,"sceneViewState":{"showFog":false,"showMaterialUpdate":false,"showSkybox":false,"showFlares":false,"showImageEffects":false,"showParticleSystems":false},"in2DMode":false,"pivot":{"x":-1.0937384366989136,"y":1.7094638347625733,"z":0.9576407670974731},"rotation":{"x":0.10890507698059082,"y":-0.3221016526222229,"z":0.03773711621761322,"w":0.9398159384727478},"size":0.08306983858346939,"orthographic":false}