{"cameraMode":{"drawMode":0,"name":"Shaded","section":"Shading Mode"},"sceneLighting":true,"audioPlay":false,"sceneViewState":{"showFog":false,"showMaterialUpdate":false,"showSkybox":false,"showFlares":false,"showImageEffects":false,"showParticleSystems":false},"in2DMode":false,"pivot":{"x":91.49526977539063,"y":41.81817626953125,"z":-8.365316390991211},"rotation":{"x":0.13381454348564149,"y":0.7592938542366028,"z":-0.1655891090631485,"w":0.6152551174163818},"size":72.0770263671875,"orthographic":false}