{"cameraMode":{"drawMode":0,"name":"Shaded","section":"Shading Mode"},"sceneLighting":true,"audioPlay":false,"sceneViewState":{"showFog":false,"showMaterialUpdate":false,"showSkybox":false,"showFlares":false,"showImageEffects":false,"showParticleSystems":false},"in2DMode":false,"pivot":{"x":-44.73625564575195,"y":155.258544921875,"z":-140.4282684326172},"rotation":{"x":-0.0077337417751550678,"y":0.9778645038604736,"z":-0.20687858760356904,"w":-0.03490172699093819},"size":167.948974609375,"orthographic":false}