{"cameraMode":{"drawMode":0,"name":"Shaded","section":"Shading Mode"},"sceneLighting":true,"audioPlay":false,"sceneViewState":{"showFog":false,"showMaterialUpdate":false,"showSkybox":false,"showFlares":false,"showImageEffects":false,"showParticleSystems":false},"in2DMode":false,"pivot":{"x":0.3435060977935791,"y":0.6983141303062439,"z":0.8668816089630127},"rotation":{"x":-0.2554851472377777,"y":-0.22951151430606843,"z":0.06132417172193527,"w":-0.937421441078186},"size":0.761208713054657,"orthographic":false}