{"cameraMode":{"drawMode":0,"name":"Shaded","section":"Shading Mode"},"sceneLighting":true,"audioPlay":false,"sceneViewState":{"showFog":false,"showMaterialUpdate":false,"showSkybox":false,"showFlares":false,"showImageEffects":false,"showParticleSystems":false},"in2DMode":false,"pivot":{"x":-3.7420730590820314,"y":116.64910888671875,"z":-77.09123229980469},"rotation":{"x":-0.04334158077836037,"y":-0.9221775531768799,"z":0.10838967561721802,"w":-0.36874544620513918},"size":159.85716247558595,"orthographic":false}