{"cameraMode":{"drawMode":0,"name":"Shaded","section":"Shading Mode"},"sceneLighting":true,"audioPlay":false,"sceneViewState":{"showFog":false,"showMaterialUpdate":false,"showSkybox":false,"showFlares":false,"showImageEffects":false,"showParticleSystems":false},"in2DMode":false,"pivot":{"x":7.871086597442627,"y":-0.20720785856246949,"z":-1.272803783416748},"rotation":{"x":0.10585656017065048,"y":0.7265353798866272,"z":-0.11493629217147827,"w":0.6691370010375977},"size":4.42515230178833,"orthographic":false}