{"cameraMode":{"drawMode":0,"name":"Shaded","section":"Shading Mode"},"sceneLighting":false,"audioPlay":false,"sceneViewState":{"showFog":false,"showMaterialUpdate":false,"showSkybox":false,"showFlares":false,"showImageEffects":false,"showParticleSystems":false},"in2DMode":false,"pivot":{"x":-120.00263214111328,"y":85.0,"z":17.000001907348634},"rotation":{"x":0.12750066816806794,"y":0.7502269148826599,"z":-0.15175174176692964,"w":0.6309829354286194},"size":81.46418762207031,"orthographic":false}