{"cameraMode":{"drawMode":0,"name":"Shaded","section":"Shading Mode"},"sceneLighting":true,"audioPlay":false,"sceneViewState":{"showFog":false,"showMaterialUpdate":false,"showSkybox":false,"showFlares":false,"showImageEffects":false,"showParticleSystems":false},"in2DMode":false,"pivot":{"x":0.17096669971942902,"y":0.2954728603363037,"z":1.0432417392730713},"rotation":{"x":0.44615572690963747,"y":0.06541472673416138,"z":-0.032705508172512057,"w":0.8919726014137268},"size":1.6959600448608399,"orthographic":false}