{"cameraMode":{"drawMode":0,"name":"Shaded","section":"Shading Mode"},"sceneLighting":true,"audioPlay":false,"sceneViewState":{"showFog":false,"showMaterialUpdate":false,"showSkybox":false,"showFlares":false,"showImageEffects":false,"showParticleSystems":false},"in2DMode":false,"pivot":{"x":0.06366550922393799,"y":0.43289506435394289,"z":1.075911521911621},"rotation":{"x":-0.4114956855773926,"y":0.051693838089704517,"z":-0.024494532495737077,"w":-0.9098516702651978},"size":1.061208724975586,"orthographic":false}