{"cameraMode":{"drawMode":0,"name":"Shaded","section":"Shading Mode"},"sceneLighting":true,"audioPlay":false,"sceneViewState":{"showFog":false,"showMaterialUpdate":false,"showSkybox":false,"showFlares":false,"showImageEffects":false,"showParticleSystems":false},"in2DMode":false,"pivot":{"x":241.9207305908203,"y":83.30052947998047,"z":120.87010192871094},"rotation":{"x":0.06862730532884598,"y":0.024583695456385614,"z":-0.0020956287626177074,"w":0.9975366592407227},"size":245.76686096191407,"orthographic":false}