{"cameraMode":{"drawMode":0,"name":"Shaded","section":"Shading Mode"},"sceneLighting":true,"audioPlay":false,"sceneViewState":{"showFog":false,"showMaterialUpdate":false,"showSkybox":false,"showFlares":false,"showImageEffects":false,"showParticleSystems":false},"in2DMode":false,"pivot":{"x":401.3407287597656,"y":35.854957580566409,"z":83.12417602539063},"rotation":{"x":-0.10312487930059433,"y":-0.6527697443962097,"z":0.09107913821935654,"w":-0.7451934218406677},"size":200.56666564941407,"orthographic":false}