{"cameraMode":{"drawMode":0,"name":"Shaded","section":"Shading Mode"},"sceneLighting":false,"audioPlay":false,"sceneViewState":{"showFog":false,"showMaterialUpdate":false,"showSkybox":false,"showFlares":false,"showImageEffects":false,"showParticleSystems":false},"in2DMode":false,"pivot":{"x":-28.781091690063478,"y":84.2361068725586,"z":87.0858383178711},"rotation":{"x":-0.1299394965171814,"y":-0.7270609736442566,"z":0.1437722146511078,"w":-0.6588440537452698},"size":3.7614800930023195,"orthographic":false}