{"cameraMode":{"drawMode":0,"name":"Shaded","section":"Shading Mode"},"sceneLighting":true,"audioPlay":false,"sceneViewState":{"showFog":false,"showMaterialUpdate":false,"showSkybox":false,"showFlares":false,"showImageEffects":false,"showParticleSystems":false},"in2DMode":false,"pivot":{"x":1.6574525833129883,"y":-1.2847235202789307,"z":2.97145938873291},"rotation":{"x":-0.2275277078151703,"y":-0.15349921584129334,"z":0.03635749965906143,"w":-0.9609226584434509},"size":4.269050598144531,"orthographic":false}