{"cameraMode":{"drawMode":0,"name":"Shaded","section":"Shading Mode"},"sceneLighting":true,"audioPlay":false,"sceneViewState":{"showFog":true,"showMaterialUpdate":false,"showSkybox":true,"showFlares":true,"showImageEffects":true,"showParticleSystems":true},"in2DMode":false,"pivot":{"x":-321.5684814453125,"y":132.9122314453125,"z":34.68546676635742},"rotation":{"x":-0.14085976779460908,"y":-0.4945344030857086,"z":0.08157533407211304,"w":-0.8538058400154114},"size":111.3175048828125,"orthographic":false}