{"cameraMode":{"drawMode":0,"name":"Shaded","section":"Shading Mode"},"sceneLighting":true,"audioPlay":false,"sceneViewState":{"showFog":false,"showMaterialUpdate":false,"showSkybox":false,"showFlares":false,"showImageEffects":false,"showParticleSystems":false},"in2DMode":false,"pivot":{"x":2.196969747543335,"y":1.790855050086975,"z":-0.11364775896072388},"rotation":{"x":-0.12909448146820069,"y":-0.6690969467163086,"z":0.11805088818073273,"w":-0.7225936651229858},"size":1.3612086772918702,"orthographic":false}