{"cameraMode":{"drawMode":0,"name":"Shaded","section":"Shading Mode"},"sceneLighting":true,"audioPlay":false,"sceneViewState":{"showFog":false,"showMaterialUpdate":false,"showSkybox":false,"showFlares":false,"showImageEffects":false,"showParticleSystems":false},"in2DMode":false,"pivot":{"x":103.91632843017578,"y":125.86968994140625,"z":-83.00912475585938},"rotation":{"x":-0.06985867023468018,"y":-0.6931238770484924,"z":0.06779412180185318,"w":-0.7142226696014404},"size":137.8885040283203,"orthographic":false}