{"cameraMode":{"drawMode":0,"name":"Shaded","section":"Shading Mode"},"sceneLighting":true,"audioPlay":false,"sceneViewState":{"showFog":false,"showMaterialUpdate":false,"showSkybox":false,"showFlares":false,"showImageEffects":false,"showParticleSystems":false},"in2DMode":false,"pivot":{"x":-129.4371337890625,"y":84.99998474121094,"z":18.36687660217285},"rotation":{"x":-0.06843394786119461,"y":-0.7512698173522949,"z":-0.07941025495529175,"w":0.6519098877906799},"size":81.53897857666016,"orthographic":false}