{"cameraMode":{"drawMode":0,"name":"Shaded","section":"Shading Mode"},"sceneLighting":false,"audioPlay":false,"sceneViewState":{"showFog":false,"showMaterialUpdate":false,"showSkybox":false,"showFlares":false,"showImageEffects":false,"showParticleSystems":false},"in2DMode":false,"pivot":{"x":412.2677917480469,"y":-78.154296875,"z":159.35159301757813},"rotation":{"x":0.2126600742340088,"y":0.601320207118988,"z":-0.17046070098876954,"w":0.7512701749801636},"size":266.2312316894531,"orthographic":false}