{"cameraMode":{"drawMode":0,"name":"Shaded","section":"Shading Mode"},"sceneLighting":true,"audioPlay":false,"sceneViewState":{"showFog":false,"showMaterialUpdate":false,"showSkybox":false,"showFlares":false,"showImageEffects":false,"showParticleSystems":false},"in2DMode":false,"pivot":{"x":0.5598830580711365,"y":2.0770647525787355,"z":0.13203221559524537},"rotation":{"x":-0.4336578845977783,"y":-0.5329437851905823,"z":-0.36679038405418398,"w":0.627516508102417},"size":-0.5848215818405151,"orthographic":false}