{"cameraMode":{"drawMode":0,"name":"Shaded","section":"Shading Mode"},"sceneLighting":true,"audioPlay":false,"sceneViewState":{"showFog":false,"showMaterialUpdate":false,"showSkybox":false,"showFlares":false,"showImageEffects":false,"showParticleSystems":false},"in2DMode":false,"pivot":{"x":107.21244812011719,"y":0.3625311851501465,"z":-129.0459442138672},"rotation":{"x":-0.008603225462138653,"y":-0.9886127710342407,"z":0.06540096551179886,"w":-0.13665710389614106},"size":85.79434204101563,"orthographic":false}